{"X_anomalies": [0.0, 0.0, 0.0, 0.0, 0.0, 0.0, 0.0, 2.0, 15.0, 15.0], "X_gradient": [-0.8124107371482145, -0.2819201154852626, -0.12810968841507286, -0.05350971225088775, 0.003218519097997685, 0.06260147548164238, 0.1499659938657108, 0.3264401226842902, 0.902438357590412, 29.77518702076547], "X_deflection": [3.573772610438027, 5.052166032859532, 6.859550791912623, 9.203230052384242, 12.33251529617155, 17.58893665632604, 26.34413863860573, 45.4612649383198, 91.0843075357352, 546.612978068968], "Y_anomalies": [0.0, 0.0, 0.0, 0.0, 0.0, 0.0, 0.0, 3.0, 11.0, 15.0], "Y_gradient": [-0.5126580681848206, -0.2387098955286395, -0.12230449997289276, -0.05423358738147144, -0.002746412182735473, 0.047107219388711506, 0.11014426507093339, 0.21590434953623128, 0.4946588809523216, 34.07958945045537], "Y_deflection": [3.2909764998357787, 4.6698070913478205, 6.036564844760505, 7.777653689140152, 10.001134116993624, 12.784671499612159, 16.7107702731455, 23.87689051526968, 41.919883837831776, 521.9861758040388], "Z_anomalies": [0.0, 0.0, 0.0, 0.0, 0.0, 0.0, 0.0, 1.0, 14.0, 15.0], "Z_gradient": [-0.5466417584354835, -0.20567923867250404, -0.09609678989218082, -0.03661915815998024, 0.012874867909704298, 0.06203164468752223, 0.1337384185171686, 0.2672802287512847, 0.6100013846417522, 21.547832292636546], "Z_deflection": [2.676966706116218, 3.7120481716410723, 5.061960376464413, 6.710133057727945, 8.86230234662071, 11.90263005815359, 17.29760935878221, 26.241966418623633, 54.238602873912896, 633.1138216019317]}